customer_id,order_id,barcodes
10,1,"[""11111111111"", ""11111111318"", ""11111111428""]"
19,10,"[""11111111120"", ""11111111327"", ""11111111437""]"
47,100,"[""11111111209"", ""11111111526""]"
47,101,"[""11111111210"", ""11111111527""]"
47,102,"[""11111111211"", ""11111111528""]"
47,103,"[""11111111212"", ""11111111700""]"
47,104,"[""11111111213"", ""11111111530""]"
21,105,"[""11111111214"", ""11111111531""]"
21,106,"[""11111111215"", ""11111111532""]"
19,107,"[""11111111216"", ""11111111533""]"
21,109,"[""11111111218"", ""11111111535""]"
14,11,"[""11111111121"", ""11111111328"", ""11111111438""]"
22,110,"[""11111111219"", ""11111111536""]"
23,111,"[""11111111220"", ""11111111537""]"
24,112,"[""11111111221"", ""11111111538""]"
60,113,"[""11111111222"", ""11111111539""]"
44,114,"[""11111111223"", ""11111111540""]"
60,115,"[""11111111224"", ""11111111541""]"
60,116,"[""11111111225"", ""11111111542""]"
60,117,"[""11111111226"", ""11111111543""]"
61,118,"[""11111111227"", ""11111111544""]"
62,119,"[""11111111228"", ""11111111545""]"
15,12,"[""11111111122"", ""11111111329"", ""11111111439""]"
63,120,"[""11111111229"", ""11111111546""]"
64,121,"[""11111111230"", ""11111111547""]"
65,122,"[""11111111231"", ""11111111548""]"
66,123,"[""11111111232"", ""11111111549""]"
67,124,"[""11111111233"", ""11111111550""]"
68,125,"[""11111111234"", ""11111111551""]"
69,126,"[""11111111235"", ""11111111552""]"
26,127,"[""11111111236"", ""11111111553""]"
71,128,"[""11111111237"", ""11111111554""]"
70,129,"[""11111111238"", ""11111111555""]"
16,13,"[""11111111123"", ""11111111330"", ""11111111440""]"
71,130,"[""11111111239"", ""11111111556""]"
72,131,"[""11111111240"", ""11111111557""]"
73,132,"[""11111111241"", ""11111111558""]"
74,133,"[""11111111242"", ""11111111559""]"
36,134,"[""11111111243"", ""11111111560""]"
36,135,"[""11111111244"", ""11111111561""]"
77,136,"[""11111111245"", ""11111111562""]"
78,137,"[""11111111246"", ""11111111563""]"
81,138,"[""11111111247"", ""11111111564""]"
10,139,"[""11111111248"", ""11111111565""]"
17,14,"[""11111111124"", ""11111111331"", ""11111111441""]"
72,140,"[""11111111249"", ""11111111566""]"
73,141,"[""11111111250"", ""11111111567""]"
74,142,"[""11111111251"", ""11111111568""]"
75,143,"[""11111111252"", ""11111111569""]"
76,144,"[""11111111253"", ""11111111570""]"
18,15,"[""11111111125"", ""11111111332"", ""11111111442""]"
77,150,"[""11111111254"", ""11111111571""]"
78,151,"[""11111111255"", ""11111111572""]"
79,152,"[""11111111256"", ""11111111573""]"
80,153,"[""11111111257"", ""11111111574""]"
80,154,"[""11111111258"", ""11111111575""]"
80,155,"[""11111111259"", ""11111111576""]"
29,156,"[""11111111260"", ""11111111577""]"
29,157,"[""11111111261"", ""11111111344"", ""11111111578""]"
29,158,"[""11111111262"", ""11111111345"", ""11111111579""]"
29,159,"[""11111111263"", ""11111111346"", ""11111111580""]"
19,16,"[""11111111126"", ""11111111333"", ""11111111443""]"
29,160,"[""11111111264"", ""11111111347"", ""11111111581""]"
30,161,"[""11111111265"", ""11111111348"", ""11111111582""]"
31,162,"[""11111111266"", ""11111111349"", ""11111111583""]"
32,163,"[""11111111267"", ""11111111350"", ""11111111584""]"
33,164,"[""11111111268"", ""11111111351"", ""11111111585""]"
34,165,"[""11111111269"", ""11111111352"", ""11111111586""]"
35,166,"[""11111111270"", ""11111111353"", ""11111111587""]"
36,167,"[""11111111271"", ""11111111354"", ""11111111588""]"
37,168,"[""11111111272"", ""11111111355"", ""11111111589""]"
38,169,"[""11111111273"", ""11111111356"", ""11111111590""]"
20,17,"[""11111111127"", ""11111111334"", ""11111111444""]"
39,170,"[""11111111274"", ""11111111357"", ""11111111591""]"
40,171,"[""11111111275"", ""11111111358"", ""11111111592""]"
41,172,"[""11111111276"", ""11111111359"", ""11111111593""]"
42,173,"[""11111111277"", ""11111111360"", ""11111111594""]"
43,174,"[""11111111278"", ""11111111361"", ""11111111595""]"
44,175,"[""11111111279"", ""11111111362"", ""11111111596""]"
45,176,"[""11111111280"", ""11111111363"", ""11111111597""]"
46,177,"[""11111111281"", ""11111111364"", ""11111111598""]"
46,178,"[""11111111282"", ""11111111365"", ""11111111599""]"
48,179,"[""11111111283"", ""11111111366"", ""11111111600""]"
10,18,"[""11111111128"", ""11111111335"", ""11111111445""]"
49,180,"[""11111111284"", ""11111111367"", ""11111111601""]"
50,181,"[""11111111285"", ""11111111368"", ""11111111649""]"
51,182,"[""11111111286"", ""11111111369"", ""11111111603""]"
52,183,"[""11111111287"", ""11111111370"", ""11111111604""]"
53,184,"[""11111111288"", ""11111111371"", ""11111111605""]"
54,185,"[""11111111289"", ""11111111372"", ""11111111606""]"
55,186,"[""11111111290"", ""11111111373"", ""11111111607""]"
56,187,"[""11111111291"", ""11111111374"", ""11111111608""]"
57,188,"[""11111111292"", ""11111111375"", ""11111111609""]"
58,189,"[""11111111293"", ""11111111376"", ""11111111610""]"
20,19,"[""11111111129"", ""11111111336"", ""11111111446""]"
59,190,"[""11111111294"", ""11111111377"", ""11111111611""]"
60,191,"[""11111111295"", ""11111111612"", ""11111111674""]"
10,192,"[""11111111296"", ""11111111379"", ""11111111613""]"
4,193,"[""11111111297"", ""11111111380"", ""11111111614""]"
5,194,"[""11111111298"", ""11111111381"", ""11111111615""]"
6,195,"[""11111111299"", ""11111111382"", ""11111111616""]"
7,196,"[""11111111300"", ""11111111383"", ""11111111617""]"
8,197,"[""11111111301"", ""11111111384"", ""11111111618""]"
9,198,"[""11111111302"", ""11111111385"", ""11111111619""]"
10,199,"[""11111111303"", ""11111111386"", ""11111111620""]"
11,2,"[""11111111112"", ""11111111319"", ""11111111429""]"
21,20,"[""11111111130"", ""11111111337"", ""11111111447""]"
11,200,"[""11111111304"", ""11111111387"", ""11111111621""]"
13,202,"[""11111111306"", ""11111111389"", ""11111111623""]"
4,203,"[""11111111307"", ""11111111390"", ""11111111624""]"
5,204,"[""11111111308"", ""11111111391"", ""11111111625""]"
6,205,"[""11111111309"", ""11111111392"", ""11111111626""]"
7,206,"[""11111111310"", ""11111111393"", ""11111111627""]"
8,207,"[""11111111311"", ""11111111394"", ""11111111628""]"
9,208,"[""11111111312"", ""11111111395"", ""11111111629""]"
10,209,"[""11111111313"", ""11111111396"", ""11111111630""]"
22,21,"[""11111111131"", ""11111111338"", ""11111111448""]"
11,210,"[""11111111314"", ""11111111397"", ""11111111631""]"
12,211,"[""11111111315"", ""11111111398"", ""11111111632""]"
13,212,"[""11111111316"", ""11111111399"", ""11111111633""]"
26,213,"[""11111111317"", ""11111111400"", ""11111111665""]"
23,22,"[""11111111132"", ""11111111339"", ""11111111449""]"
24,23,"[""11111111133"", ""11111111340"", ""11111111450""]"
25,24,"[""11111111134"", ""11111111341"", ""11111111451""]"
26,25,"[""11111111135"", ""11111111342"", ""11111111452""]"
27,26,"[""11111111136"", ""11111111343"", ""11111111453""]"
28,27,"[""11111111137"", ""11111111454""]"
29,28,"[""11111111138"", ""11111111455""]"
30,29,"[""11111111139"", ""11111111456""]"
12,3,"[""11111111113"", ""11111111320"", ""11111111430""]"
31,30,"[""11111111140"", ""11111111457""]"
32,31,"[""11111111141"", ""11111111458""]"
33,32,"[""11111111142"", ""11111111459""]"
34,33,"[""11111111143"", ""11111111460""]"
35,34,"[""11111111144"", ""11111111461""]"
36,35,"[""11111111145"", ""11111111462""]"
37,36,"[""11111111146"", ""11111111463""]"
38,37,"[""11111111147"", ""11111111464""]"
56,38,"[""11111111148"", ""11111111465""]"
57,39,"[""11111111149"", ""11111111466""]"
13,4,"[""11111111114"", ""11111111321"", ""11111111431""]"
58,40,"[""11111111150"", ""11111111467""]"
59,41,"[""11111111151"", ""11111111468""]"
60,42,"[""11111111152"", ""11111111469""]"
51,43,"[""11111111153"", ""11111111401"", ""11111111470""]"
45,44,"[""11111111154"", ""11111111402"", ""11111111471""]"
10,45,"[""11111111155"", ""11111111403"", ""11111111472""]"
39,46,"[""11111111156"", ""11111111404"", ""11111111473""]"
40,47,"[""11111111157"", ""11111111405"", ""11111111474""]"
41,48,"[""11111111158"", ""11111111406"", ""11111111475""]"
42,49,"[""11111111159"", ""11111111407"", ""11111111476""]"
14,5,"[""11111111115"", ""11111111322"", ""11111111432""]"
43,50,"[""11111111160"", ""11111111408"", ""11111111477""]"
44,51,"[""11111111161"", ""11111111409"", ""11111111478""]"
45,52,"[""11111111162"", ""11111111410"", ""11111111479""]"
46,53,"[""11111111163"", ""11111111411"", ""11111111480""]"
47,54,"[""11111111164"", ""11111111412"", ""11111111481""]"
48,55,"[""11111111165"", ""11111111413"", ""11111111482""]"
49,56,"[""11111111166"", ""11111111414"", ""11111111483""]"
50,57,"[""11111111167"", ""11111111415"", ""11111111484""]"
51,58,"[""11111111168"", ""11111111416"", ""11111111485""]"
52,59,"[""11111111169"", ""11111111417"", ""11111111486""]"
15,6,"[""11111111116"", ""11111111323"", ""11111111433""]"
53,60,"[""11111111170"", ""11111111418"", ""11111111487""]"
54,61,"[""11111111171"", ""11111111419"", ""11111111488""]"
55,62,"[""11111111172"", ""11111111420"", ""11111111489""]"
56,63,"[""11111111173"", ""11111111421"", ""11111111490""]"
57,64,"[""11111111174"", ""11111111422"", ""11111111491""]"
56,65,"[""11111111175"", ""11111111423"", ""11111111492""]"
56,66,"[""11111111176"", ""11111111424"", ""11111111493""]"
56,67,"[""11111111177"", ""11111111425"", ""11111111494""]"
56,68,"[""11111111178"", ""11111111426"", ""11111111495""]"
10,69,"[""11111111179"", ""11111111427"", ""11111111496""]"
16,7,"[""11111111117"", ""11111111324"", ""11111111434""]"
67,70,"[""11111111180"", ""11111111497""]"
68,71,"[""11111111181"", ""11111111498""]"
69,72,"[""11111111182"", ""11111111499""]"
70,73,"[""11111111183"", ""11111111500""]"
71,74,"[""11111111184"", ""11111111501""]"
71,76,"[""11111111186"", ""11111111503""]"
70,77,"[""11111111187"", ""11111111504""]"
69,78,"[""11111111188"", ""11111111505""]"
68,79,"[""11111111189"", ""11111111506""]"
17,8,"[""11111111118"", ""11111111325"", ""11111111435""]"
67,80,"[""11111111190"", ""11111111507""]"
66,81,"[""11111111191"", ""11111111508""]"
65,82,"[""11111111192"", ""11111111509""]"
64,83,"[""11111111193"", ""11111111510""]"
63,84,"[""11111111194"", ""11111111511""]"
62,85,"[""11111111195"", ""11111111512""]"
61,86,"[""11111111196"", ""11111111513""]"
60,87,"[""11111111197"", ""11111111514""]"
59,88,"[""11111111198"", ""11111111515""]"
18,9,"[""11111111119"", ""11111111326"", ""11111111436""]"
58,90,"[""11111111199"", ""11111111516""]"
59,91,"[""11111111200"", ""11111111517""]"
60,92,"[""11111111201"", ""11111111518""]"
61,93,"[""11111111202"", ""11111111519""]"
19,94,"[""11111111203"", ""11111111520""]"
19,95,"[""11111111204"", ""11111111521""]"
19,96,"[""11111111205"", ""11111111522""]"
59,97,"[""11111111206"", ""11111111523""]"
59,98,"[""11111111207"", ""11111111524""]"
59,99,"[""11111111208"", ""11111111525""]"
